id,name,type,typecode,lng,lat
B0FFFA8FQE,天津泛太平洋大酒店,住宿服务;宾馆酒店;五星级宾馆,100102,117.18506165183796,39.14709547815059
B001611XFW,天津海河悦榕庄酒店,住宿服务;宾馆酒店;五星级宾馆,100102,117.19054233306636,39.14264037651574
B0IBMCZD7X,天津海河悦榕庄酒店大堂,住宿服务;宾馆酒店;五星级宾馆,100102,117.19054134385958,39.14254243374182
B0J6GUKB1C,天津站希尔顿欢朋酒店,住宿服务;宾馆酒店;五星级宾馆,100102,117.19773061247737,39.131750183337
B0FFFN4OA0,天津津湾广场桔子水晶酒店,住宿服务;宾馆酒店;五星级宾馆,100102,117.20122451273522,39.13084178342612
B0G0D5A4WN,维多利亚国际大酒店,住宿服务;宾馆酒店;五星级宾馆,100102,117.19779188892247,39.16191719654569
B001611O8I,天津瑞吉金融街酒店,住宿服务;宾馆酒店;五星级宾馆,100102,117.19148461137928,39.128589383317404
B0H3UA7NAF,天津瑞吉金融街酒店大堂,住宿服务;宾馆酒店;五星级宾馆,100102,117.19153570196993,39.128512512506006
B001611197,天津海河假日酒店,住宿服务;宾馆酒店;四星级宾馆,100103,117.18383895165957,39.151736578641994
B0H3U798ZW,天津海河假日酒店大堂,住宿服务;宾馆酒店;四星级宾馆,100103,117.18384796492217,39.15175558300687
B0FFI8O8PF,天津陆家嘴万怡酒店,住宿服务;宾馆酒店;经济型连锁酒店|住宿服务;宾馆酒店;四星级宾馆,100105|100103,117.16827911494556,39.14654733157061
B0FFGHOWAZ,天津众信半岛酒店,住宿服务;宾馆酒店;四星级宾馆,100103,117.18669980728603,39.12837756133389
B001615ZKN,双鹿大厦酒店,住宿服务;宾馆酒店;三星级宾馆,100104,117.16868938548556,39.12686495916092
B0016060XU,远洋宾馆,住宿服务;宾馆酒店;三星级宾馆,100104,117.19433772662981,39.13099946334839
B001605JFL,正达酒店,住宿服务;宾馆酒店;三星级宾馆,100104,117.20551278814459,39.163134212347316
B0FFGF5GO5,天津西岸酒店(天津站和平路金街店),住宿服务;宾馆酒店;三星级宾馆,100104,117.19812600782127,39.125128777152604
B0016034F4,赣津饭店,住宿服务;宾馆酒店;三星级宾馆,100104,117.21250632560485,39.13795559701693
B001614ZMS,创世纪酒店(天津西站南广场店),住宿服务;宾馆酒店;三星级宾馆,100104,117.15000541702946,39.15395416900656
B00160DFM8,天津夏日荷花鼓楼店(暂停营业),住宿服务;宾馆酒店;三星级宾馆,100104,117.17325072061651,39.13648463355833
B0I0JU8EAL,赣津饭店大堂(暂停营业),住宿服务;宾馆酒店;三星级宾馆,100104,117.2125904085809,39.137911714737186
B0FFKUS8M3,7天优品酒店(天津古文化街天津之眼店),住宿服务;宾馆酒店;经济型连锁酒店,100105,117.18735934156041,39.14872942722267
B0LRC7GQV3,海友酒店(天津之眼古文化街店),住宿服务;宾馆酒店;经济型连锁酒店,100105,117.18429089860203,39.14254787148961
B001611VW7,99优选酒店(天津之眼古文化街店),住宿服务;宾馆酒店;经济型连锁酒店,100105,117.18974145738076,39.1472472961844
B00160DGMY,格林豪泰酒店(天津之眼大悲院店),住宿服务;宾馆酒店;经济型连锁酒店,100105,117.18593632963865,39.153553120715266
B0FFK6OOF9,宜必思酒店(天津之眼古文化街店),住宿服务;宾馆酒店;经济型连锁酒店,100105,117.18761039491923,39.14371885540399
B0I1JUF3B7,汉庭酒店(天津狮子林大街古文化街店),住宿服务;宾馆酒店;经济型连锁酒店,100105,117.19043655572209,39.14744432113244
B0JK7CPRXL,汉庭酒店(天津之眼美院店),住宿服务;宾馆酒店;经济型连锁酒店,100105,117.18582207279599,39.15404563086652
B0FFGSFOP6,如家精选酒店(天津之眼古文化街火车站店),住宿服务;宾馆酒店;经济型连锁酒店|餐饮服务;咖啡厅;咖啡厅,100105|050500,117.19153738661291,39.14685546593998
B0016161L3,汉庭酒店(天津之眼店),住宿服务;宾馆酒店;经济型连锁酒店,100105,117.17614408203147,39.15225149494709
B0GR0KUYTP,7天优品(天津鼓楼地铁站大悦城店),住宿服务;宾馆酒店;经济型连锁酒店,100105,117.17487443022243,39.138904170870966
B0K23A0VSM,宜必思酒店(天津之眼美院店),住宿服务;宾馆酒店;经济型连锁酒店,100105,117.1909501925067,39.1568245559165
B0FFGFQP0Q,7天酒店(天津火车站天津之眼店),住宿服务;宾馆酒店;经济型连锁酒店,100105,117.20188975938632,39.15161722000029
B0H2FSKCVE,汉庭酒店(天津西站鼓楼地铁站店),住宿服务;宾馆酒店;经济型连锁酒店,100105,117.1745838532328,39.13920945248729
B00160DF2A,锦江之星酒店(天津之眼中山路店),住宿服务;宾馆酒店;经济型连锁酒店,100105,117.19419309564913,39.158000034922665
B0H057I9TS,宜必思酒店天津古文化街店大堂,住宿服务;宾馆酒店;经济型连锁酒店,100105,117.18758135024609,39.14368882442254
B0FFIRHB1L,尚客优精选酒店(天津火车站店),住宿服务;宾馆酒店;经济型连锁酒店,100105,117.2025920317872,39.14076569392749
B0FFJC7L8E,如家派柏·云酒店(天津金街多伦道眼科医院店),住宿服务;宾馆酒店;经济型连锁酒店,100105,117.18207706373965,39.12645170207866
B0FFFW3W2P,汉庭酒店(天津火车站意式风情街店),住宿服务;宾馆酒店;经济型连锁酒店,100105,117.19015942424468,39.13704211722151
B001615ZSZ,7天酒店(天津火车站南广场津湾广场店),住宿服务;宾馆酒店;经济型连锁酒店,100105,117.20051725269188,39.13338524810587
B001611ZBG,布丁酒店(天津火车站北广场地铁站店),住宿服务;宾馆酒店;经济型连锁酒店,100105,117.20699081954899,39.13675686923536
B00161C5AT,九九旅馆(新兆路店),住宿服务;宾馆酒店;经济型连锁酒店|住宿服务;旅馆招待所;旅馆招待所,100105|100200,117.20795001488001,39.13571168499388
B0KABLZOJT,星程酒店(天津鼓楼大悦城店),住宿服务;宾馆酒店;经济型连锁酒店,100105,117.17502257662467,39.1320205944008
B00160DGKB,如家商旅酒店(天津西站西北角店),住宿服务;宾馆酒店;经济型连锁酒店,100105,117.16221322272874,39.15014882272888
B0FFGXTYJ3,易佰连锁旅店(天津火车站店),住宿服务;宾馆酒店;经济型连锁酒店,100105,117.20091971915987,39.133938483872946
B0FFG0ZOK8,速8酒店(天津站津湾广场店),住宿服务;宾馆酒店;经济型连锁酒店,100105,117.20035003298139,39.133349032067095
B0FFF8ZWXS,格林豪泰贝壳酒店(天津滨江道眼科医院店),住宿服务;宾馆酒店;经济型连锁酒店,100105,117.18411250184651,39.127431679422436
B0FFF01V3Y,如家酒店(天津金狮桥地铁站金钟河大街店),住宿服务;宾馆酒店;经济型连锁酒店,100105,117.20919397033076,39.1545338902024
B0FFFA24RB,如家酒店(天津西站西北角特色美食街区店),住宿服务;宾馆酒店;经济型连锁酒店,100105,117.15673509524366,39.14170670871907
B0FFFG05ME,汉庭酒店(天津二纬路地铁站店),住宿服务;宾馆酒店;经济型连锁酒店,100105,117.16792093511224,39.12688051293437
B0KKVS4XRH,格林-贝壳酒店(天津西站河北工业大学红桥校区南院店),住宿服务;宾馆酒店;经济型连锁酒店,100105,117.16088335930525,39.16877426683747
B00160F165,格林豪泰酒店(天津天泰路地铁站天津之眼店),住宿服务;宾馆酒店;经济型连锁酒店,100105,117.17788802053765,39.17004010648715
B0L3LCQLNC,海友酒店(滨江道和平路步行街店),住宿服务;宾馆酒店;经济型连锁酒店,100105,117.19610594128272,39.12640597106884
B0L1D5TJWC,7天优品Premium(天津火车站北广场地铁站店),住宿服务;宾馆酒店;经济型连锁酒店,100105,117.20898460902433,39.139803469017224
B001611O1H,格林豪泰酒店(天津西站西北角美食街店),住宿服务;宾馆酒店;经济型连锁酒店,100105,117.1574601428121,39.13611940959416
B0JD0LYTK8,如家酒店·neo(天津北站地铁站店),住宿服务;宾馆酒店;经济型连锁酒店,100105,117.20730064486905,39.164659570742934
B00160DGO6,桔子酒店(天津古文化意风区店),住宿服务;宾馆酒店;经济型连锁酒店,100105,117.18644660910299,39.134472446559194
B0FFJMI9BO,宜必思酒店(天津火车站北广场店),住宿服务;宾馆酒店;经济型连锁酒店,100105,117.20837701166901,39.13940697777044
B00160EYFE,如家酒店(天津北站地铁站店),住宿服务;宾馆酒店;经济型连锁酒店,100105,117.20713848102713,39.164521451042766
B0FFLFWUCR,尚客优连锁酒店(天津西站店),住宿服务;宾馆酒店;经济型连锁酒店,100105,117.1623711448311,39.16882301534772
B0JBA589S4,天津馨园民宿,住宿服务;宾馆酒店;经济型连锁酒店|住宿服务;旅馆招待所;旅馆招待所,100105|100200,117.1753284508971,39.129582629901115
B0FFFFZTA7,锦江之星(天津新开路店),住宿服务;宾馆酒店;经济型连锁酒店,100105,117.21221139803998,39.135209930385116
B0L045XCUY,全季酒店(天津之眼新开河地铁站店),住宿服务;宾馆酒店;经济型连锁酒店,100105,117.19635417649376,39.16699502765418
B0FFKEICIC,汉庭酒店(天津火车站新开路店),住宿服务;宾馆酒店;经济型连锁酒店,100105,117.20684896582671,39.14225538215526
B0FFFVAJNM,全季酒店(天津火车站津湾广场店),住宿服务;宾馆酒店;经济型连锁酒店,100105,117.20035936448011,39.13082157244162
B00160EXOV,锦江之星(天津站津湾广场店),住宿服务;宾馆酒店;经济型连锁酒店,100105,117.19757316319958,39.1335338715444
B0H27R0GCM,天津玺凤酒店式公寓,住宿服务;宾馆酒店;经济型连锁酒店,100105,117.18215070444235,39.13031949137696
B0I6F7LFP2,如家酒店大堂,住宿服务;宾馆酒店;经济型连锁酒店,100105,117.19968635443252,39.13952835592573
B0G2CL9EP2,布丁酒店(天津滨江道商业街医科大学总医院店),住宿服务;宾馆酒店;经济型连锁酒店,100105,117.1876164192637,39.12778747186653
B0L2MAYRFM,如家快捷酒店(天津北站金钟河大街店),住宿服务;宾馆酒店;经济型连锁酒店,100105,117.20919597331043,39.154526896751044
B0G2M1ZOC6,如家酒店(治安大街店),住宿服务;宾馆酒店;经济型连锁酒店,100105,117.18225239435364,39.126284113323905
B0I0MA4AJD,桔子水晶天津津湾广场酒店大堂,住宿服务;宾馆酒店;经济型连锁酒店,100105,117.20110537242284,39.13070869654536
B0FFJE36OX,如家快捷酒店(天津滨江道店),住宿服务;宾馆酒店;经济型连锁酒店,100105,117.20060082173758,39.12976155671995
B0JA5UOV2P,天泰路都市118连锁酒店,住宿服务;宾馆酒店;经济型连锁酒店,100105,117.17531487715979,39.17334446229215
B0L01OGP56,全季酒店(津湾广场店)-大堂,住宿服务;宾馆酒店;经济型连锁酒店,100105,117.20014909952124,39.130677359556586
B0J3M5HVSV,布丁酒店大堂,住宿服务;宾馆酒店;经济型连锁酒店,100105,117.1876344495861,39.127785503476524
B0FFF9O2G6,梦往大HOUSE主题酒店(海光寺店),住宿服务;宾馆酒店;经济型连锁酒店,100105,117.17307407176915,39.12322432571743
B0JR3CG4YA,锦江之星天津新开路店大堂,住宿服务;宾馆酒店;经济型连锁酒店,100105,117.21217638031248,39.13509096376139
